{"cameraMode":{"drawMode":0,"name":"Shaded","section":"Shading Mode"},"sceneLighting":true,"audioPlay":false,"sceneViewState":{"m_AlwaysRefresh":false,"showFog":true,"showSkybox":true,"showFlares":true,"showImageEffects":true,"showParticleSystems":true,"showVisualEffectGraphs":true,"m_FxEnabled":true},"in2DMode":false,"pivot":{"x":-160.22482299804688,"y":-24.927570343017579,"z":-177.8245391845703},"rotation":{"x":0.27516093850135805,"y":0.28626367449760439,"z":-0.08620519191026688,"w":0.9137404561042786},"size":59.13161087036133,"orthographic":false}